{
  "token_monitor": 1770055118.6740203,
  "kalshi_scan": 1770055118.746537,
  "kanban_sync": 1770055119.0512266,
  "moltbook_retry": 1770008717.3104794,
  "arbitrage_monitor": 1770055119.076139
}