{
  "version": "v9",
  "duration_min": 1,
  "pnl": -0.09999999999999953,
  "signals": [
    {
      "type": "delay",
      "market": "15m",
      "ticker": "KXBTC15M-26FEB031730-30",
      "time": 24
    },
    {
      "type": "delay",
      "market": "15m",
      "ticker": "KXBTC15M-26FEB031730-30",
      "time": 89
    }
  ],
  "trades": [
    {
      "id": 0,
      "dir": "YES",
      "size": 10,
      "entry": 0.24,
      "theoretical_entry": 0.12,
      "slippage_entry": 0.12,
      "time": 1770157126.8782084,
      "ticker": "KXBTC15M-26FEB031730-30",
      "open": false,
      "market_type": "15m",
      "strategy": "delay_arb",
      "entry_fill": {
        "vwap": 0.24,
        "levels": 1,
        "slippage": 0.0,
        "partial": false
      },
      "exit": 0.23000000000000004,
      "theoretical_exit": 0.1,
      "slippage_exit": 0.13000000000000003,
      "pnl": -0.09999999999999953,
      "close_time": 1770157127.3788936,
      "exit_fill": {
        "vwap": 0.23000000000000004,
        "levels": 1,
        "slippage": 2.7755575615628914e-17,
        "partial": false
      }
    }
  ],
  "strategy_stats": {
    "delay_arb": {
      "count": 1,
      "wins": 0,
      "pnl": -0.09999999999999953
    }
  },
  "complete": false
}